<?xml version="1.0" encoding="UTF-8"?>
<Balancing_MarketDocument xmlns="urn:iec62325.351:tc57wg16:451-6:balancingdocument:3:0">
	<mRID>7bf97590d762410fa20c2c37e8fea32e</mRID>
	<revisionNumber>1</revisionNumber>
	<type>A86</type>
	<process.processType>A16</process.processType>
	<sender_MarketParticipant.mRID codingScheme="A01">10X1001A1001A450</sender_MarketParticipant.mRID>
	<sender_MarketParticipant.marketRole.type>A32</sender_MarketParticipant.marketRole.type>
	<receiver_MarketParticipant.mRID codingScheme="A01">10X1001A1001A450</receiver_MarketParticipant.mRID>
	<receiver_MarketParticipant.marketRole.type>A33</receiver_MarketParticipant.marketRole.type>
	<createdDateTime>2024-12-04T15:15:25Z</createdDateTime>
	<docStatus><value>X01</value></docStatus>
	<controlArea_Domain.mRID codingScheme="A01">10YRO-TEL------P</controlArea_Domain.mRID>
	<period.timeInterval>
		<start>2024-12-03T23:00Z</start>
		<end>2024-12-04T15:00Z</end>
	</period.timeInterval>
	<TimeSeries>
		<mRID>1</mRID>
		<businessType>A19</businessType>
		<flowDirection.direction>A01</flowDirection.direction>
		<quantity_Measure_Unit.name>MWH</quantity_Measure_Unit.name>
		<curveType>A01</curveType>
		<Period>
			<timeInterval>
				<start>2024-12-03T23:00Z</start>
				<end>2024-12-03T23:45Z</end>
			</timeInterval>
			<resolution>PT15M</resolution>
			<Point>
				<position>1</position>
				<quantity>17</quantity>
			</Point>
			<Point>
				<position>2</position>
				<quantity>19</quantity>
			</Point>
			<Point>
				<position>3</position>
				<quantity>21</quantity>
			</Point>
		</Period>
	</TimeSeries>
	<TimeSeries>
		<mRID>2</mRID>
		<businessType>A19</businessType>
		<flowDirection.direction>A01</flowDirection.direction>
		<quantity_Measure_Unit.name>MWH</quantity_Measure_Unit.name>
		<curveType>A01</curveType>
		<Period>
			<timeInterval>
				<start>2024-12-04T00:00Z</start>
				<end>2024-12-04T00:30Z</end>
			</timeInterval>
			<resolution>PT15M</resolution>
			<Point>
				<position>1</position>
				<quantity>11</quantity>
			</Point>
			<Point>
				<position>2</position>
				<quantity>4</quantity>
			</Point>
		</Period>
	</TimeSeries>
	<TimeSeries>
		<mRID>3</mRID>
		<businessType>A19</businessType>
		<flowDirection.direction>A02</flowDirection.direction>
		<quantity_Measure_Unit.name>MWH</quantity_Measure_Unit.name>
		<curveType>A01</curveType>
		<Period>
			<timeInterval>
				<start>2024-12-04T06:30Z</start>
				<end>2024-12-04T06:45Z</end>
			</timeInterval>
			<resolution>PT15M</resolution>
			<Point>
				<position>1</position>
				<quantity>4</quantity>
			</Point>
		</Period>
	</TimeSeries>
	<TimeSeries>
		<mRID>4</mRID>
		<businessType>A19</businessType>
		<flowDirection.direction>A02</flowDirection.direction>
		<quantity_Measure_Unit.name>MWH</quantity_Measure_Unit.name>
		<curveType>A01</curveType>
		<Period>
			<timeInterval>
				<start>2024-12-04T07:00Z</start>
				<end>2024-12-04T07:15Z</end>
			</timeInterval>
			<resolution>PT15M</resolution>
			<Point>
				<position>1</position>
				<quantity>5</quantity>
			</Point>
		</Period>
	</TimeSeries>
	<TimeSeries>
		<mRID>5</mRID>
		<businessType>A19</businessType>
		<flowDirection.direction>A02</flowDirection.direction>
		<quantity_Measure_Unit.name>MWH</quantity_Measure_Unit.name>
		<curveType>A01</curveType>
		<Period>
			<timeInterval>
				<start>2024-12-04T07:45Z</start>
				<end>2024-12-04T10:15Z</end>
			</timeInterval>
			<resolution>PT15M</resolution>
			<Point>
				<position>1</position>
				<quantity>22</quantity>
			</Point>
			<Point>
				<position>2</position>
				<quantity>8</quantity>
			</Point>
			<Point>
				<position>3</position>
				<quantity>1</quantity>
			</Point>
			<Point>
				<position>4</position>
				<quantity>7</quantity>
			</Point>
			<Point>
				<position>5</position>
				<quantity>1</quantity>
			</Point>
			<Point>
				<position>6</position>
				<quantity>15</quantity>
			</Point>
			<Point>
				<position>7</position>
				<quantity>4</quantity>
			</Point>
			<Point>
				<position>8</position>
				<quantity>13</quantity>
			</Point>
			<Point>
				<position>9</position>
				<quantity>32</quantity>
			</Point>
			<Point>
				<position>10</position>
				<quantity>21</quantity>
			</Point>
		</Period>
	</TimeSeries>
	<TimeSeries>
		<mRID>6</mRID>
		<businessType>A19</businessType>
		<flowDirection.direction>A02</flowDirection.direction>
		<quantity_Measure_Unit.name>MWH</quantity_Measure_Unit.name>
		<curveType>A01</curveType>
		<Period>
			<timeInterval>
				<start>2024-12-04T10:30Z</start>
				<end>2024-12-04T11:00Z</end>
			</timeInterval>
			<resolution>PT15M</resolution>
			<Point>
				<position>1</position>
				<quantity>89</quantity>
			</Point>
			<Point>
				<position>2</position>
				<quantity>87</quantity>
			</Point>
		</Period>
	</TimeSeries>
	<TimeSeries>
		<mRID>7</mRID>
		<businessType>A19</businessType>
		<flowDirection.direction>A02</flowDirection.direction>
		<quantity_Measure_Unit.name>MWH</quantity_Measure_Unit.name>
		<curveType>A01</curveType>
		<Period>
			<timeInterval>
				<start>2024-12-04T11:15Z</start>
				<end>2024-12-04T11:30Z</end>
			</timeInterval>
			<resolution>PT15M</resolution>
			<Point>
				<position>1</position>
				<quantity>87</quantity>
			</Point>
		</Period>
	</TimeSeries>
	<TimeSeries>
		<mRID>8</mRID>
		<businessType>A19</businessType>
		<flowDirection.direction>A02</flowDirection.direction>
		<quantity_Measure_Unit.name>MWH</quantity_Measure_Unit.name>
		<curveType>A01</curveType>
		<Period>
			<timeInterval>
				<start>2024-12-04T11:45Z</start>
				<end>2024-12-04T13:30Z</end>
			</timeInterval>
			<resolution>PT15M</resolution>
			<Point>
				<position>1</position>
				<quantity>76</quantity>
			</Point>
			<Point>
				<position>2</position>
				<quantity>78</quantity>
			</Point>
			<Point>
				<position>3</position>
				<quantity>87</quantity>
			</Point>
			<Point>
				<position>4</position>
				<quantity>80</quantity>
			</Point>
			<Point>
				<position>5</position>
				<quantity>80</quantity>
			</Point>
			<Point>
				<position>6</position>
				<quantity>57</quantity>
			</Point>
			<Point>
				<position>7</position>
				<quantity>70</quantity>
			</Point>
		</Period>
	</TimeSeries>
	<TimeSeries>
		<mRID>9</mRID>
		<businessType>A19</businessType>
		<flowDirection.direction>A01</flowDirection.direction>
		<quantity_Measure_Unit.name>MWH</quantity_Measure_Unit.name>
		<curveType>A01</curveType>
		<Period>
			<timeInterval>
				<start>2024-12-04T13:30Z</start>
				<end>2024-12-04T13:45Z</end>
			</timeInterval>
			<resolution>PT15M</resolution>
			<Point>
				<position>1</position>
				<quantity>11</quantity>
			</Point>
		</Period>
	</TimeSeries>
	<TimeSeries>
		<mRID>10</mRID>
		<businessType>A19</businessType>
		<flowDirection.direction>A02</flowDirection.direction>
		<quantity_Measure_Unit.name>MWH</quantity_Measure_Unit.name>
		<curveType>A01</curveType>
		<Period>
			<timeInterval>
				<start>2024-12-04T14:00Z</start>
				<end>2024-12-04T15:00Z</end>
			</timeInterval>
			<resolution>PT15M</resolution>
			<Point>
				<position>1</position>
				<quantity>13</quantity>
			</Point>
			<Point>
				<position>2</position>
				<quantity>14</quantity>
			</Point>
			<Point>
				<position>3</position>
				<quantity>14</quantity>
			</Point>
			<Point>
				<position>4</position>
				<quantity>18</quantity>
			</Point>
		</Period>
	</TimeSeries>
</Balancing_MarketDocument>
